0,1,2,3,4,5,6,7,8,9,y
2.374409785489815,9.980204161723012,1.7094025530621921,5.978429820948971,3.230117657207807,1.9199099551171768,5.752923636378859,9.05185281180635,8.48279110193096,8.430316080504575,1
24.91368844811214,24.088570183735744,18.58532068587852,22.67684310268977,21.879203483530148,31.32229961615616,22.212845414294755,31.574790757556443,32.57181548043508,37.31848080686435,3
3.3708910394701754,7.116610120529725,3.5860846788058804,6.6360150303540495,4.441057222851093,11.560468861797892,4.094430791762921,15.003761731643262,8.639368197422627,4.076899591527807,0
19.650461686451663,14.138417151592096,11.922958481062421,11.948436683166928,14.089863571248186,17.18847646070084,11.27674873876462,21.45728677867549,20.861525261764974,21.87274290283174,2
9.176562276478638,8.013686613839045,11.292903347536871,6.805526804545013,12.03538501143158,13.860498026521316,14.97528099001848,16.034010216516883,17.752943200559486,20.917766072344257,2
3.7538663199816416,2.485473124759882,2.3374068704470377,2.595585217642845,-1.1140879614697095,2.9206231664211653,4.95744491616085,12.028488904875664,10.174473158273846,2.747839378549064,0
7.468460269359461,2.7277258920356853,-4.287419596034378,2.7687120516222703,11.387978186244435,7.1085277508044715,4.202791070820357,7.18090031508713,13.562480106018212,13.386934272805517,1
29.66022427122641,26.762194377374385,23.85029612252886,28.10794505327893,29.423601697429234,23.744210047767027,23.735131021832142,28.31257225187859,32.44654449799177,30.55624159461367,3
8.759858117485571,6.168509964287569,4.5017345556063715,-1.207863247588674,5.215750047480205,3.8270136187352333,16.883770869991256,8.496456750270653,10.692819227137942,13.40594150416187,1
6.622103731831936,7.948121222241521,6.754920888116739,0.6279803490780658,12.733726129204383,2.6146184279252482,9.410541860956132,6.182896599922569,9.94344661362803,12.51504964121392,1
1.0097459865600322,8.702827253246477,3.599777651869893,5.702305813886169,5.507712702864522,7.26231619032587,3.814899652419193,3.4397964696228227,16.578020252899886,7.812154606726689,1
0.0922110900238024,-1.393188978153815,-2.717276912058109,0.8762798402323237,4.6674921085048116,12.978231454071151,4.729554803855314,8.695151806555595,8.734308415708993,14.553573093792338,0
0.5492836109073125,5.620569282004953,-1.1429041853421749,5.8161860620713774,2.6789695265102367,2.628508670950623,6.371878560181768,3.6590307103225035,6.585402778611272,5.008488429644606,0
33.1334369788218,35.357874018073616,37.872778847017024,38.2294732215129,38.48878800029191,34.739653075223565,34.713015832175756,39.33043004129679,42.73251228936428,39.10911719689357,3
17.23722539893244,10.127816418430506,8.60946428552366,10.391644445627758,9.641467850630447,11.860952367489187,14.517967605639884,11.377731923285431,18.062473335798412,22.60910869514659,2
17.217015757212877,24.432984766739875,17.731472320213662,27.104111655373902,20.9911319242931,22.99025905058786,21.132859237537293,25.994391412457453,32.90124983391192,32.06251235377582,3
23.824315655260527,21.029274892751868,18.89452316933643,28.9200022908766,21.14117829699714,32.51387421908929,25.862461401573963,34.3623282904714,31.715725160237113,29.45201804223017,3
3.417462625416231,1.5776613163581799,3.9198745052792807,-0.701956189193506,14.583007918467306,6.31688472790091,7.237579178419572,10.703066495594769,10.724036926946853,10.695536097116527,0
29.810071196504598,37.247934954295786,34.283142903730734,34.7762077744235,29.919755645151874,37.14782341720684,33.672180330022194,35.44686909388602,35.73849748673552,35.7350602724031,3
11.894528307245817,7.294475480073846,14.222050585368994,9.325253954055622,12.330532745579662,13.819640343048375,19.903266877378837,20.673817775769656,13.017130494214463,19.219736443999395,2
3.4296267912364033,6.462948850157187,7.641893953438982,2.8676902457242464,5.531513144854354,8.330319801953198,7.2052354952658115,15.62938230407997,12.163899806553005,14.139511144199268,1
11.390705934153345,9.05108574354579,9.297167683353553,13.136609669952099,9.651016244548789,10.656699484459258,18.717493131826014,12.404823859365376,20.66525000363685,20.850365171415806,2
2.426599699588429,5.318771017426923,3.9180048877636353,7.146006575304808,6.457897659240481,-0.7018662654154852,4.442658424724983,8.623649777113538,5.36122102863557,13.599714919984818,1
5.2976215775005935,7.419720630893581,14.388912873013538,9.206607983103197,15.852825168396492,9.531448774159017,19.392696850666674,12.069906740925964,20.209199750718092,21.502523734584003,2
5.235714359147061,4.324765695877503,4.616804415807504,4.9496274884019105,3.184141644533295,6.077299692532904,1.428172743218458,8.806641492820999,6.24563557139633,6.7856427311369165,1
7.858659651935108,12.433814472838481,9.076174897138106,16.031687399694476,16.742030955160818,22.394435333185648,15.297744218003139,19.674619219031626,18.392270158155778,24.183487127452057,2
4.142768448260568,-2.7188274186304726,4.919216711661131,9.566274482631602,-5.086578000509157,2.6124189781180926,9.108288508722161,6.987818455828029,10.284583493485236,7.3840592531367175,0
23.44086467835689,22.627891843873737,20.653874921744258,24.896865617163172,27.85843916254647,17.800234885690088,31.63629625982359,26.65498104527571,30.701959732960923,34.78898769458091,3
-1.053670771249849,-0.06291901428102747,3.7678490862641363,-3.8531209786311917,-2.0996713300521312,3.550849883036109,2.7486755186623046,9.056989330381096,5.167903697915157,4.150785194658834,0
2.62150202458384,-2.1361019796728176,1.7945294241951453,6.479127736570148,-0.17197493412667714,8.961898951841595,8.121448804293275,11.40995981766859,11.095656536258645,16.656561719895375,1
16.272503498316794,23.797895651329227,31.344188198148455,19.940962027256592,23.554148933224056,27.66578415240581,26.784380603977045,24.070785678490743,33.48743142492188,39.280162888069036,3
21.582084791072962,19.543509739966737,23.56393079844824,30.35450771217438,27.781609898201197,21.435965960989048,26.553964691428224,24.780134076589757,27.449200334365756,28.345537337481428,3
13.949338066356407,10.696195905429908,10.720609906980624,13.607031968994962,10.659428393479908,23.358154886779094,9.569355891527765,17.7389623155829,26.09442487691856,19.02719937823999,2
28.14127729203827,34.08511962005526,34.286714165506,34.67223922386728,31.01940607258648,35.27398735145733,28.29173981422858,38.71390665554156,44.71543083125427,34.103471471831575,3
4.518532692854303,4.503185266328666,4.977537206309345,3.787334828757247,7.553935373846765,6.0183943594438825,8.873843905078456,14.470390142431839,6.173829738881436,15.75951424451618,1
2.0123176844832638,5.108163308892486,4.507287564241022,0.06803110324572154,10.185067277788558,5.22497366735475,1.9736724053609958,7.48753935613635,16.20303916253724,14.60088696845397,1
13.49806829653009,8.400939092606931,7.187196578443422,8.831822351027588,12.05118831522029,13.592314728733964,12.920015735210171,11.815533343000421,16.175516690103247,19.725706480455884,2
1.4372703969466136,4.0697314927188915,7.6802709227550165,7.182727551890419,6.801675620574306,8.659844009864901,17.813662340953098,8.969524811865657,11.00439618685987,15.402617584030448,1
3.6025203970942368,5.1567485205906545,6.73888587424708,9.638799367824891,7.83927462771405,6.23496938152583,10.890294804810924,16.799527739580864,9.669465014469704,7.301882781317434,1
-4.243535817340181,5.471447788219105,11.288624788050534,7.929861042204588,-1.2774798638160536,3.8630637085349946,11.86764459674649,4.969322137524877,10.575277712584914,12.898536213717348,0
-2.5588873687231044,-0.5975705817760886,-5.695582897239228,1.6969799132769559,1.7634693537852082,6.401575145904831,8.167023903108639,15.304683356863546,12.601695352744201,7.492385377350387,0
25.80212663389549,22.561439479392188,15.13172118565139,19.53125415317199,24.25661699122901,27.23999593266222,26.773646044400415,32.875883159174656,21.1955925438455,30.57435174602064,3
3.8279544665814074,-1.8886612967105016,6.27842368042264,9.222551435219804,6.453739612894803,13.307183250232264,3.7048432035857077,2.8213811867543317,1.6851190043828856,15.784177245956734,0
-4.577802044137108,-1.874607785936793,-1.2165630670082714,0.7288097395834863,4.661260450452875,6.736858930146083,13.002001971256309,3.806583837044836,12.737289593906336,8.944044623097964,0
3.1845136526931244,7.302136047481783,18.25155507403279,11.904027672682783,13.026464082499928,13.800647214900478,23.616546358292027,23.503835661448253,26.875120933792537,18.363819158399796,2
-5.577710635177469,-0.5975000918150914,2.8209747988727325,3.987922375058968,2.9997381140830255,8.291399729389996,2.5295182824696223,7.230482059914826,9.281182526847596,11.857755336234996,0
3.6075025924650097,12.848690664327771,20.097238493147408,7.547303981628758,14.758824670441582,12.352071288813564,17.70354882477214,17.07659110966301,15.434052363822762,20.951489139484295,2
1.3124176596431572,-0.9242066298995233,6.162574195954896,1.1895040827904364,3.015266267140881,-1.758162923782124,4.990774723003693,-1.8955173065158266,2.4643887060571066,12.84165862457719,0
33.686124686916216,38.11212543755133,36.550015869656235,37.043386617245915,35.24034397846066,37.5532480216938,41.998019602824634,32.6688904100814,37.602242691132176,36.90972500497504,3
1.0470750667001116,2.5171993894597353,9.5725392885713,14.830746344214209,3.0099806290990614,13.001079295393478,13.895008573930316,22.55335111283379,16.459912753148544,20.531955938963712,2
7.8751428215696055,12.93550660475216,7.590831400654307,15.725438041771792,15.63442923080707,13.768766115444464,12.645656806211075,13.45327631086617,20.139269345383642,23.915922009956248,2
6.986525946582605,0.7608683827224711,3.663931333308329,5.258752778916788,3.06040674767104,9.793121735375436,7.716207405568874,10.87812977562811,6.6500312887916,9.450166798706357,1
34.43205678120858,28.68721490813906,24.92604854244545,34.58025498383753,38.17270275287471,35.51177147151489,35.168606455270044,37.36255107141638,37.51766895039687,34.60781155223933,3
1.2442716033212227,1.7327023527412497,2.6329674038247126,1.5103592620059898,12.661502757877766,5.91071812315464,13.068634083301985,15.285264207689805,14.193243592591841,9.473518749127805,1
1.08626494887757,-0.11062978706046672,4.715919302985568,5.134648421147793,8.950159777031597,3.7599344045810117,5.720500258826514,3.88494513687077,7.0228269596955535,11.309201972179409,0
16.38667038717702,15.250622611557159,15.824430008528438,18.578209987550842,22.16391616947804,33.813036550106276,24.896481296419186,28.711000425072125,30.601925546025313,30.524260744863394,3
8.884466423396974,14.380631884737287,11.804411266103578,7.3792406127857,13.790382197690121,21.816422065021964,20.987566862138877,16.751983962535874,21.805797108232348,17.533971918527794,2
2.2968778266910324,8.848882221661716,3.8814344350171397,7.009487184998936,1.9504258874124811,8.913228388830593,7.451422939981805,13.142919982719452,14.949544206259004,21.558254568074457,1
5.032857693026229,4.132864525054007,8.01254653565298,6.348496660807297,3.7502505014382486,8.646014100824406,3.625095170717353,9.634238823106092,10.067080037422157,10.367532570909841,1
-3.098726680909286,4.948338414969808,7.434382316029616,0.5172707265931582,8.653504516977288,7.451123707745993,10.088240639977961,15.38717193061579,7.8184475359885175,6.7850553425700415,0
6.368975279412318,17.077135694567076,14.043168354110378,17.12232234249623,11.368661784591453,18.418100908266464,11.632264398418748,20.560990003346035,18.687357359174126,21.213004879939135,2
2.2455824220336558,7.952146265863877,2.6566958435601937,10.058574623256025,-5.678980416358978,9.087610017500896,7.148188272952685,6.60397059813653,9.16704310614201,1.8497243415964288,0
35.260687862857544,37.810466981944714,29.33471632370632,30.65231718481488,34.438499764378655,37.23045067275679,34.9017319449318,43.408810715468576,40.696267446073804,40.15778819296296,3
-0.3849092393752122,10.301243570438047,-0.5745473270259203,8.876616694440006,10.202329272171912,4.517519163693421,13.769861200257314,8.199813941604189,11.354774517119427,12.241287355084882,1
2.8422959241994583,3.212184080613658,5.9477526789854,9.962585099145365,9.998216541765295,1.260408126200386,-2.015684539607819,12.937279644957094,4.732485206338316,10.300938392429265,1
-2.907721886312332,1.5618985757527997,-10.16506936027629,-0.29755056533715935,3.7897273944273584,0.8088672721406021,13.329645215726542,2.079434488157469,7.039822053212065,10.322962309144366,0
15.922678013813204,28.810058632518423,23.809315185691208,30.527427596356436,22.067868017904043,33.272247690231296,30.10062197613913,30.212160343409433,29.93609781741259,29.0058855277022,3
2.043630262392018,7.701424867798208,6.230638492808077,3.1602458801462916,4.723935168389245,1.7898825414487647,6.72594745603044,6.645365444319446,10.090874241352358,6.4910762257907075,0
-0.1649442314253195,3.2082215860571868,-2.2061576967617764,9.57505841629304,4.471395286429725,10.269183326352511,8.170901385510817,9.627012876615137,11.079069120928816,11.59083424006926,0
1.8019714013835062,3.1857928379879024,0.07990111368603675,4.729014788644014,5.972289893194724,2.9425943278945286,14.263098044579028,9.69533168364715,4.034786011189405,12.42621443453532,0
5.933267485694011,10.023678105303194,11.842770849489476,12.462012862393069,15.33543986627414,20.725467127324734,20.327066910691315,11.751123226274375,20.488279961224194,24.31573327814164,2
2.231149441393133,4.043138105472937,7.132204972701108,8.015208208139612,-0.7106774718283642,2.0486998403395087,8.86014106883464,9.855143803648836,10.860190745224193,25.210925962618884,0
10.423577812460938,13.337651921889936,19.90576233806194,6.743033553155795,20.468850299874497,15.417423750092851,12.404863806707487,11.67874549704404,17.243518436891865,22.68660044769784,2
11.18249795498838,4.9334298023168355,17.9077377044731,8.328881794928261,14.867102255050517,10.610789889468624,13.644532693045216,13.650950275801199,15.568498957296729,16.843509187404084,2
1.4684142355806393,8.69950567659274,1.6161432835018588,2.003231973398986,4.2690259112718705,3.3866855669651508,8.690681263979181,15.69871383387824,11.492317092464116,10.19058599149485,1
11.758004922480906,14.115746014048456,13.831091464607542,19.69796973339015,13.977615924683814,17.67496662237005,11.633196495442743,15.451601190102396,20.78215103026311,22.396408442972575,2
14.189270826485792,15.678359969711094,11.08243702372789,12.82609220074455,7.875569989777111,17.05701902407134,18.288229766856578,16.751235932002757,22.49741343948201,17.663691076080237,2
-1.1166969513811598,1.0573640933447315,-1.6253398960241128,-0.9848264963226832,8.050103289576793,11.224960114283292,6.511959513678664,11.814131591568097,10.246544100190537,7.219520981579502,0
5.40163810091073,6.217165319254297,8.955653485898571,8.033215388804255,7.605792830166332,11.480600953265709,8.09391496300376,5.672501395089129,9.547732144224943,8.220389420774204,1
13.275110575019443,17.15172767365021,7.5098207750223445,9.329988715942946,18.07064586737401,16.08598124330259,18.20590510095809,18.36235686560199,19.562783683712578,13.694111486755668,2
-8.61292917199695,5.911501278123631,1.5836972674903047,-2.1225315874258275,8.244810398099922,12.69463418065183,7.650205941489233,13.011498188811755,16.64911303195458,16.45965781433619,1
10.735338065290017,21.772134655921988,13.39920009827163,8.983781612631958,13.618143011643708,7.895014666134193,15.677601002812956,13.667775771996965,21.661561102240647,16.80183890161786,2
29.55984292497207,29.087691608578716,34.493394238845596,35.249512841866284,39.770940661665655,30.96852737636445,39.92552101029997,40.36168824500585,38.43141385223782,41.35474927168676,3
2.4937891758325037,13.478845783864545,9.458550444697483,8.241333363638555,11.502618441147103,14.261898569376601,13.58102134184715,8.177735771603723,21.58826478754853,24.09950016511489,2
17.217392439146973,10.236384833090804,14.879031768592728,7.826908168515345,10.174254492727965,16.88962511152151,21.93646411414386,18.42245339514264,16.747767877907382,18.997165621693416,2
2.3509800983208926,10.725463815658125,6.526739844668758,20.94910399692323,17.645450888698885,15.423015165085921,21.054826710618674,13.614736090137058,20.173917514680372,19.799241734874855,2
8.195824379781381,6.306260118191029,1.7244452377806778,-0.6261036349666813,15.093439212999442,6.036873736057953,6.855717167651784,7.703499651559986,9.592339043071421,9.222558352304231,0
-0.9860598082680843,5.225595177293889,3.656374976520816,-1.182955114847952,5.492723703404728,7.341269518915347,3.264570255195468,8.414900423782113,9.032834873784001,5.2281188086775074,0
30.398718158912512,30.693215147254545,28.829689221317693,29.31106498625344,36.8574794541863,33.79779227316605,38.26543328614458,34.45900525550311,39.72425097108433,45.213112149264255,3
-3.9330340506631005,-6.3569287110404025,1.722372662221769,6.670169023183849,10.809428208384112,6.0963791216791,13.314462182285169,2.2795941671404343,1.9864702425793814,9.577809204413526,0
-5.402653724264531,2.0742518992241092,-1.4492148549044195,5.694369722540726,1.1223030630647874,11.999737620070158,3.6669868306550515,6.511753935177297,12.05406886947868,4.876542734264179,0
21.78452583609563,18.383726841056,16.804157899786098,25.031903924884723,29.41550937326503,27.900670985981527,26.990384636324585,25.642913392842775,24.63134546912764,33.33900530529953,3
16.955598655190315,14.915432203127182,12.341272570260097,9.766937113436295,10.678222373773739,17.09005642106303,17.673592883554736,22.60639437178572,20.601800370144556,12.987678792960729,2
6.1920404394386095,-8.385021512774758,12.55349881912291,4.641641487379305,10.632731266950065,3.0403762914978767,10.651095620250278,4.986337747305376,7.704924157216779,18.856125415467144,1
35.88328519525219,28.49290487515262,39.84816113607157,27.009453960686955,36.73908025822757,37.90172273010649,33.81777172823647,39.69757575144405,44.11807467904063,31.132724642583742,3
20.13732944980947,18.508155638185197,26.525630115694284,26.884541450182326,21.3349035977451,31.421771204421983,31.680794836786415,28.537185988991173,29.318391449504144,32.21623108446363,3
28.073473044365887,39.56176274062313,33.19723332608089,37.07535870387559,32.56709397022097,37.452462510978094,38.244439964572784,30.441402831615388,47.06110044184256,45.16257784369019,3
28.65628930672898,33.316427114840515,38.01137053770994,32.2071015347994,32.230998682936416,28.12430743033567,37.413752517232425,46.168304160574976,40.1094338478587,39.910884083265145,3
0.28832963407693385,-2.022161762401703,-3.62578528103029,4.613854543468892,1.7745970188627866,0.11098516160930333,4.213708463029893,3.47380798554242,15.54856654029026,13.326559027797803,0
17.816629735001143,8.977013182952254,7.764369651773598,18.926653609850394,21.85034876212318,15.014782687391389,20.045852141633425,22.365903662123525,15.030063069846463,17.058776658528526,2
2.2746932354916045,0.22664475069055728,2.91497929173927,8.913807450429196,5.564396272079613,5.985746192624595,1.360575436080323,10.785014264108884,11.381936724564301,18.45301889322184,0
11.186302180563047,12.852739181070339,12.789169062524826,14.24523469377154,20.79982949830552,19.286172608939545,16.762542365060096,20.765242323069934,13.869904385889843,20.591708199787234,2
7.299286900102474,10.421925317137928,8.830320316000154,11.768153881443839,6.425541332184857,15.853174829491754,16.004821901448896,13.731645475727237,20.63698267372962,22.750280550506233,2
1.9135949623437443,3.051111053960634,7.110518174547919,5.407783543229198,9.130560308862316,6.877133679565671,8.514540761264362,1.2071972618715694,13.865310698809925,12.585953903591971,1
10.565028560349853,2.4777340807711976,15.07282886652695,13.861586021825152,16.03307455869836,30.704950825745307,7.663548242005646,23.898786599044435,16.850209922398577,20.149315617612036,2
35.117829926393426,35.4892615201138,28.427922751705086,37.28063274702194,34.741245579869926,36.291496392062065,37.29278796400678,37.39902804480696,43.766829988428256,39.66512816060315,3
13.300393058670538,7.531479137156399,9.367534043698974,11.785095884893341,8.61651630610714,11.722968561114008,14.095116505821364,20.49755672285091,19.0502453160077,19.774359645470177,2
4.851525074669651,7.8938954299413,4.924086234814828,0.012672208176613797,7.798751807010567,4.594572424832684,6.085533273000973,11.545456075020372,15.153132285734543,11.285086306944246,1
14.949752538736558,9.17079337965284,11.8287064747537,13.232090939233581,17.393723528821138,6.012442664061579,13.573198820938813,17.84513476911789,22.800315825707443,17.03239020997518,2
10.907729703494487,-0.3234750916812826,0.8422422299271115,7.976643508276289,7.527565958505245,13.186829302944135,9.135712741303855,6.3628316368517615,11.162619322769238,14.234814322331632,0
29.192202512352488,28.842645977121304,32.97182005807778,33.13756168572791,33.51256847088534,33.08615351327863,38.27809868313182,44.61446907396914,39.55954893135651,43.98447285964451,3
-0.03248900142910088,-0.1720037386353313,0.44254097222315386,7.198408388084098,6.228061943860189,3.028361618957383,10.398399501733003,9.029198083506438,12.05144847535584,12.318515367694449,0
35.72256364980858,29.49074621619479,33.18089083599993,34.20479160752434,32.99286322875387,30.510137808463597,38.291898014470675,37.75598411257847,41.00096187774628,37.86559877424333,3
1.6440698688104736,1.4131475525184305,0.6203236527642011,5.396544457408283,4.649461190300606,10.213207528066086,7.256910594648159,8.401207045847512,7.345551151144576,9.57221750511573,0
9.37640728825333,8.806850814037595,12.64007290341115,15.00713094467018,18.469595263609843,20.793996919571704,14.560925416843657,11.695809255671847,16.346139355506896,20.041122026331543,2
2.0312070755682363,-5.0406735706265025,-2.5927416884228522,6.773056376090859,5.483461752511768,5.064066654589284,6.873735732261572,9.190326821446686,6.640961278762554,6.686781098390749,0
2.877386056964689,7.930955652010311,2.3649594061725696,5.406846888395766,7.56057596684445,4.195118112456655,7.696369927241667,7.85036960312718,9.190704394195327,6.707960864578134,0
-0.472361814572195,7.168169398146092,3.5001609732183656,2.1770193620286213,8.346039374281613,3.606128072835851,8.312724629476513,9.163524013423185,14.54358226332631,13.09879293151981,1
1.5833810203907264,-2.1134911104601284,4.433011022857888,-3.0103344169513617,8.916622549302575,7.690389929652172,7.824118937255503,11.730763935782056,15.461897777850307,13.857480260072522,0
2.1145308226062554,0.21115328340870648,-5.496961041091766,8.736181585444198,9.147375588369734,6.074689771527146,8.467962868899487,11.263756870816398,3.9498165724538294,9.08378929061482,1
12.818026159298892,14.156226749502075,12.335306511717445,18.641836580814015,15.639051183837989,11.555648359305717,21.613479880500762,19.791613090156112,16.22782391548607,17.082028130403028,2
11.753902955238908,11.07846663077596,14.69144494386728,15.367256534965513,12.583837156235905,12.705592908412395,16.407425181047948,23.19608060598075,13.043571697384397,13.12989893699024,2
11.046690586348042,19.367006350664607,24.81403485021787,20.070823862981282,25.235936886358388,27.78749000321079,25.62980319656894,28.681855083986285,25.149069738861552,29.173554881215814,3
3.814920361346438,3.1032175744363357,0.5851925570794874,6.497437126886412,1.48384083536079,11.950717553846253,6.341530810806428,10.004638623491356,11.333151486184567,10.16438010518369,1
-4.861482968201657,0.11741870893856382,1.429141933892922,0.5908909231135244,4.154857153335963,7.416203427258154,14.344743604842122,8.498311251327356,9.830201562891059,9.502216336935332,0
12.795313680810139,12.683891777557559,13.968075391971198,10.895860629329679,5.3866283205150225,19.38861084701478,14.084650175966383,13.548896943827518,20.773915647655976,17.431949440323482,2
-2.121466526868547,2.665834358327899,2.982287359615255,1.1935986095767317,13.375776357301303,8.335676089272045,-1.3005703466304286,8.545817259077712,6.152854140926448,13.209733339184897,0
11.746954206934038,12.617179019846791,16.943128767288616,8.715785281403804,16.7208644218018,19.7700300499119,8.885649663973933,18.27860730367591,15.983280675969315,18.673909307593416,2
8.82413220934327,10.713602992567733,5.928505013276762,11.571883196773562,17.561532654079144,17.300820064426265,18.00266288552484,17.19909474872384,18.028252634512707,16.358715442106213,2
5.944416190829849,11.342748645613437,8.29830149576165,14.021535022697268,10.418614710547903,13.367596643359118,12.016738420839083,19.60454496729463,21.43380446662666,18.061517720170343,2
1.7993836940801888,2.3853049992921367,0.6880696529737558,1.8924785838405598,5.294084432393893,8.66946202726471,11.854338504932997,5.987284197278621,16.170754275838085,10.115505595829724,1
2.09633587757918,0.25967087833473385,0.09231199877616508,6.246705155363471,8.923998089983805,9.525120476464796,3.4431299071094457,6.563150496595141,10.125053725614256,13.702180508489437,0
28.775525012956876,31.47975882578552,39.67627810330532,30.229767976832495,41.4591151628394,34.71188738203177,42.301728436380316,32.372739962009845,41.343616804658595,37.05291945620951,3
-2.488881582265726,2.774748845967649,3.779866284434891,1.772227298515481,2.915846777526709,6.728199749430545,1.0076626340107036,2.170144902493779,5.926223114990256,8.946211393152613,0
27.704258052112003,29.123562194203256,41.199248383143704,34.00273127582993,38.12852000612584,32.836402473329784,33.88058821511345,42.32793923699977,33.60169515379387,38.339144928378914,3
8.717329497771233,18.180845423649288,12.920283036765609,14.990972356365576,16.663697008217845,16.686346442457822,19.35576200187845,14.530987253812308,15.766792984215877,14.59938306811322,2
24.243267848130955,30.114945037189923,25.09804891513145,37.00439781802924,26.739667814974716,36.11383032473263,28.688752720575213,36.71880878185343,45.573512623218136,41.44259156574318,3
16.799437041591418,25.02998059734994,28.482144575986855,26.780811600335998,26.135004094646003,22.048506636397004,23.612596135498542,32.998475621186664,32.11739601562133,29.843921922489823,3
11.54723408275681,15.363921700743868,20.04908178280306,17.094838184427925,14.997234382566916,19.180353896339014,16.579551332387563,17.095612173139823,16.59434305714507,25.25365343532843,2
9.532936336819013,8.457768634382386,18.955405407413323,11.715028935528354,21.330228173916808,18.256607048473064,17.928266909341545,18.47493258927008,19.575189192865007,11.28930968261756,2
-2.77545294156514,0.42837920881637076,1.3263709377232102,8.779697507777765,5.020201286831889,12.190968290694935,5.506037503024526,10.315976648895207,6.858611786960971,19.780596511093552,1
1.6116920834051989,-4.262976459988928,8.990020805320247,10.983510692382087,2.348845238062455,4.249193760256063,7.94346156289962,9.1378271599481,11.434177090691323,17.8408181550654,0
21.049997287629,33.47361222266707,16.325602964487217,28.234914119535517,24.308793050414142,29.0876806193467,28.765228606796985,25.067375211560012,29.91598556983736,22.56839419440685,3
9.817951018795032,9.303054666407826,9.720668287044965,14.318034942292037,7.9313052133132835,18.002316670087062,14.335222380458983,12.479722643838569,16.199948568016744,24.02859686745029,2
33.34466320157113,30.35034472713408,34.02879588142371,33.03733930187915,35.031520738778916,34.69755579140599,36.34265917645843,38.8483734122967,35.0265652016722,35.93648469204009,3
19.36125362948201,24.849288638320647,32.12660734615537,21.529433292265214,18.859839009870562,18.479959864368944,29.850848115445324,20.467399167765663,27.51072378824831,31.749252748155843,3
5.882513967271714,5.589318856625862,5.9105632551284355,17.450753499959703,11.482946425228846,21.134910839666,13.856794147790808,10.170568169628213,13.533902240205364,23.943246480027753,2
12.258423703574401,6.921342645231538,11.905791396503048,12.302582968388657,14.901231688163767,13.521892284666565,15.474109617313328,20.304188685766025,16.25294305104713,12.573691597045283,2
28.87418179456314,25.728562298538176,34.38683991041968,44.04622620633769,27.639689021976988,35.87087755580212,39.56217174029909,38.492312806624724,38.54748778993704,34.803134546216704,3
3.4322021580164095,1.6334057303128355,5.27650776498043,3.827230898010358,8.686287559424203,5.721558655825464,9.708401575608745,9.082948745260087,14.704201003088672,10.994425105646055,1
2.7868566120449305,1.2469427953152614,5.39075415240277,9.892119425632103,3.863386501106656,4.863452172203278,13.116851262029567,10.869738916611636,6.922102456260191,11.970240174343859,0
1.6461760640649048,-1.697192945157463,3.363906970855899,1.7979181831627995,3.8779062007811094,9.554313617682437,14.879618017405624,10.778686119291924,5.416467751859263,12.978410672880562,1
3.646459512355559,-2.698568367351477,-3.3364566829424893,8.910707287594036,6.129256047918367,2.8060538537737854,13.004607902090093,8.262698537171435,13.517188736255306,10.070073925640436,0
29.40040375147545,33.077179010322936,32.82042787950985,34.730004122396856,32.319539198183065,40.68687165886464,32.29530665378088,39.95024118834687,43.72756437183985,41.923632370995584,3
7.084134782101412,5.528390813874464,3.2940636046006726,1.362243053106081,4.711172895715788,11.554994478816743,15.738345223738435,15.372974113088755,8.244602312854903,6.721530266843955,1
10.239730521065313,12.109507751832767,17.442634383354605,7.764718403523552,1.9219513767166987,15.73539817901478,23.202044726043415,21.95578541175775,18.838637661098502,17.03345525747181,2
3.002276788923772,7.794549397714861,0.13671272408641216,5.4467193993918865,7.9152660013222915,9.972422429052575,8.9057662211089,7.731888643666711,6.889639117405122,11.544575532185497,1
6.565240482377076,5.636552483628708,-0.16925105869031593,3.9343662012207927,11.052390799916733,7.766867654559619,17.477318159926778,10.773271357577487,10.968196465960126,9.963534143189994,1
32.63221138734702,34.20319028909465,34.77909523132638,30.697385268791432,35.59745392908476,37.45656118421864,37.028713867631765,29.654089366515663,39.64195849589392,48.850124157588965,3
1.508215760306308,10.046833920569373,-1.2876045717254254,-1.2542455915069646,12.084681309974433,6.362705291392536,5.5237090453603335,13.359618749584305,7.777537841052544,18.504038854187744,1
3.656066751048167,3.48030245944382,19.483860701487128,14.558456709483615,10.526829072494534,17.13851634448974,5.457009043932489,17.013502026388643,19.31128469137234,22.69708055815132,2
1.6858499542442769,-4.327396181990556,2.005100369036154,5.571379604564459,6.839425567989601,3.0892994362961677,13.262831363458801,5.735300607141997,14.077828802106946,12.908777447486738,1
1.782203125850114,2.5247131072399576,4.480208652452726,9.847513210432762,2.490587463237704,8.15347593093914,12.100790519129719,11.204376679759381,10.958326466394972,15.204184370268564,1
2.7008980105916294,1.482377835498988,4.689190012129135,7.373192116145552,6.395440281302817,7.36236676481553,5.392033248772979,6.548396329796208,4.589578912801226,18.198306972747755,1
13.476618369987586,9.177841895904518,8.443036687086703,16.821202232951013,17.504187170119177,20.89068270300393,13.584077496123083,16.081805378558613,11.442063349898262,17.43011557575651,2
-5.300689878582978,3.6601043165896687,3.5594688177334386,7.885360305801863,7.052786512950757,4.192122673044723,6.923784257333527,6.015896572786044,14.504028554394392,11.285246594687768,1
32.32340521846231,37.80400575252534,36.51766816454961,29.690495692060967,40.50598580007815,37.252528560052625,39.74826318343567,43.86616343711441,34.553679001945795,39.85669768517415,3
7.512776567396232,5.42492003760264,6.023551088326431,13.860009379604335,3.625927078479428,10.911360512324947,8.428052499588338,10.274369115453027,16.313873705650128,13.231343025158495,1
0.16582307187537743,5.1427024642974315,17.219622715660343,0.6671975534220203,7.550821674869673,24.177124707590274,24.67168879665576,42.94247332595273,35.71975924478789,35.676962986647084,0
16.352864624350545,20.86744441302493,21.796561011436694,19.16209225832478,26.555914917408735,27.00589443576205,26.222923472085924,24.976833999366548,33.19482850566625,36.62162845235318,3
7.221147475643767,9.362870247547583,9.90364640826163,13.609419488134888,10.710320270471197,19.484122669297886,16.000828259672787,16.962798715445544,16.688421133948328,19.620762735435918,2
4.99836906412113,13.418061305421467,15.529332249293637,11.191638668667679,12.119831408961995,16.063512918608193,14.253121055837617,16.73546954149671,26.398887156666063,18.01189719701601,2
20.625455245043316,27.30318659016876,17.851345725663002,18.411527259548034,22.66560269461598,30.153515404077268,20.92261569809263,16.671377607557723,27.195364566364006,32.20696319964368,3
-4.8921298728275255,8.247686002855966,0.5770707965495243,2.584934645404721,3.8173548238260318,12.697752372683269,-0.342696855914782,21.750994134639974,14.424227236264207,12.092955656516638,1
1.9804239975348543,4.3422162994306275,6.284489713517353,7.780862343800228,8.422417864013793,7.558322725020996,7.410646318770696,8.594906865385953,9.420366878589276,15.735080387468258,1
0.7510129086123416,-1.789017485943326,3.103218232774905,1.0913531539515533,8.700478933671006,5.211770473991446,3.4980112128299536,6.5144566333880265,10.451725817102497,7.545101788784101,0
-1.6925621056990574,-0.42190847664101866,0.2504514907739292,8.556066124430208,10.48201699195942,3.5170148250020947,3.470577707583085,9.685662225545617,6.591107822876115,12.331727271022043,0
3.9641277881721875,-1.8375498191789557,8.411177243744397,-1.8074042511691235,7.147428375201081,14.561822503239915,2.8378546994772464,5.534809081588912,9.198605460350565,7.7860973835352025,0
0.052513423354563826,0.04107576690330034,8.587911537414932,4.586219106046299,8.92737815787454,-0.1422414921478879,7.868201063477035,11.358523182493748,9.129135957101697,14.061921500261406,0
0.7681094347335304,7.719776555560103,3.109473230590473,0.3548631946869453,10.89249630907863,7.955640174738634,2.6510153826941742,7.038645287665567,5.297526986460971,4.268801076142656,0
3.096773084837613,8.28974139065738,16.77643761218949,9.075337875441274,12.14238295076245,16.848243573007586,19.133562037130382,15.993844455822018,15.609959221233433,24.68947944679403,2
5.554168172251872,11.98601911372802,13.99288699398714,17.560596154085065,20.322162746273495,10.939623232688525,12.756569955158646,11.969688564341535,17.063920563572076,20.86543349778534,2
0.8736735167582068,8.505749249101132,4.107709495056651,2.923597884764543,8.117622324733958,-3.0445412360315407,7.742458232434264,10.883460775547867,2.8856550168806336,14.375016172827717,0
32.5166124749045,36.92088870260315,30.612102853115704,24.438782530122246,33.35111701990212,39.653894928069626,39.15051961179952,39.7127449912423,37.88002679250208,34.883877055120855,3
4.9117034853570765,1.2483543674171893,12.829232853062013,2.7771403079866466,9.168381488037227,8.397170321625968,13.406965157595192,15.446044786907411,10.328016596263065,8.186328518615266,1
35.273517334776066,34.416483558354074,42.214555008419154,28.082223107441102,40.036932959147194,40.58576348160291,33.10648464789186,42.02853334589264,40.344579852104914,39.09009496018637,3
-5.717199241503151,6.191641024470136,-0.09097210295922603,6.1569874564445985,14.496330678999893,3.5224616336543066,-1.921150090985319,8.055983112479556,14.603838539994284,19.033389816882373,1
16.06557622101429,13.408473281569934,12.288147445134978,12.151164120395393,10.192326159911058,15.30992207407545,17.031010160571004,12.032957698073503,19.33670566897959,18.378963804701005,2
19.08941766958398,16.97945851210642,22.48938127392724,21.75756945261076,13.282205239990928,34.21188809800665,31.355078616866688,26.494797100300016,29.075276198962392,25.313382610729754,3
2.1387606033080178,5.517165998404354,4.678321473656613,1.307724236473778,10.986286006657965,6.56588170789212,8.090781841960272,5.466928163707216,8.426870995233958,7.660789143892397,1
1.5108040037330153,-3.5413774348404052,4.320791404023852,6.242342981135292,7.039161791724159,10.123122902218487,10.135688618195617,9.636720316913747,8.519337154165413,3.1561562659360343,0
8.935710765831473,1.3644629485242399,8.514723333725183,5.045966121997171,5.509490800236722,10.73463974994669,10.809291513653678,2.8944313720630026,16.106161398903584,16.720365416589804,1
6.701943353889305,8.565641107041198,9.884089167743939,8.773769428958989,18.8923322683813,13.964582398520673,17.41001987342752,14.718594534345279,10.717586797805932,20.080229433565687,2
36.98972673271851,39.43080937415093,32.58627510283886,29.04378918989343,43.38337400723664,42.37776956699679,39.71578795104893,34.75039060425032,38.803882636647856,39.35855967582068,3
20.634401769963542,21.676486008538156,23.20903396198993,19.757579734413596,22.131935403488256,20.861662937200123,30.9112621987448,19.5774122326387,33.6143613732677,35.545397589051376,3
22.2698130450007,20.668558382469953,22.626452564400207,21.882671550206517,18.94211876327693,27.286372845356954,34.01973228658897,28.07360652313375,29.9010564689902,32.77089102046744,3
3.0835620427726678,6.3422625607223955,6.616007053972809,6.405565005223192,3.5389230214386176,8.835876881973071,3.7086991418497126,6.852725573039964,6.858545808683586,10.12749655754529,0
-1.5025513049510957,2.2880392585814455,13.04033815307518,3.4157604011014002,9.397093305142704,2.98729429949645,6.660046038012153,14.88320254254204,6.29213176884893,17.049794231987715,0
13.98628204231779,9.134018483087209,14.561919180803296,12.237987576008754,15.296228112886242,10.40923444073733,16.340837798535603,5.035456116397107,17.25241536735206,12.47810702513944,2
-6.563496925326581,-3.3183078669428063,0.30072568921728465,3.904364200843335,6.8706360818764916,2.8970247473861375,7.547067057908313,4.77846827058671,6.353928788032207,4.173355612607111,0
24.367934781808508,20.523171198210214,11.372047122713434,22.500711773512776,20.84582471662411,19.474896738156218,22.05029344710971,28.43763388733188,34.314563312992924,31.25273789545992,3
4.553135223903991,-0.26417891286949563,3.184483107763933,1.95089884517983,3.0620150902707373,4.563311506125443,7.688535086534851,5.885005513346091,13.823024502294084,6.221570791121985,0
0.6021451613902682,4.499277968666415,-1.6908880862491944,5.329638984736202,5.4658088328522245,7.769805056032596,7.956674575631273,17.62120055964358,6.2490400629947365,7.676012179992729,0
4.433307650086889,3.504021565649646,6.355023969785477,1.517305627682535,6.877443296144312,1.5451420123800792,7.755095754605199,5.584369434140841,7.257880229640934,16.14437270084175,1
18.570582267151153,21.691115819107818,24.703374634519317,25.67282302355189,17.895952983806392,30.255763950243423,28.010275383986492,33.53812819037562,30.776793309162688,34.40529183094305,3
-3.4252698546873352,2.867577709485221,-1.818881496124009,8.24022385475841,6.5297590117380135,1.3697940021402777,6.963163691800546,6.1913743776376675,11.476698041676721,16.561801784092577,1
29.012271899528088,31.269724102481835,29.040168829791945,33.859969559975056,31.75599654548462,31.543814199352028,38.034644591421554,38.85095910343064,42.13149493979429,38.2754977216996,3
12.716571101752782,9.791818002040543,10.682208854611634,15.927482817153182,15.34023211633647,16.264623828731114,17.877070359234104,10.857711507171576,21.027154719947927,21.44987517605441,2
4.039888571756466,0.48913852099157556,12.253548990106491,5.74614132433095,4.738713794751566,7.938721223459634,2.8114948418812142,5.313543845957394,15.001655631777702,8.572422884114417,1
-2.8929329844436174,-3.6067384224653347,-1.103493011909331,8.014567186431359,1.002404444672228,16.329528259349562,8.773271603523558,8.539344494779495,5.366568879275145,12.601239517635966,0
7.806924820299692,14.333335647121228,7.58054882774992,13.882165708055467,18.871836609222235,12.947214541946416,13.128324437009592,16.077901499278997,22.71890083344284,19.77643052381343,2
25.801046998955318,20.147354551658402,21.35429357153599,28.615602937022988,17.521033201218316,24.445916899267964,27.761695559700232,29.796874885140138,26.96077322723647,30.137764046823364,3
17.021902793261958,17.292078900859426,10.136777723527349,12.396649153733218,13.70420973756643,13.19336209536151,16.780099936112506,13.96687172444964,13.477538660249895,21.490844895601075,2
7.16168058100331,5.965980357298662,11.131931798302519,11.76606884617672,23.70686594538209,16.731839301442786,10.489529996983052,14.740903983316231,22.085533181717594,27.3537710914797,2
6.335232338075031,7.672711167078221,11.731286839802578,10.136960043556993,16.72820826285048,20.94898462134371,13.679787034519828,17.95761800214151,19.998740441211737,20.888009083677098,2
1.1879838599708727,4.180628101747654,-0.4728827329338901,12.169549102741842,0.7759304740011921,0.9432455488490714,11.432443494000271,10.966650775851743,11.296479268208621,12.31338203705712,0
7.212912726281701,13.328106268338907,13.041769053334225,10.844632575229047,9.965781263695167,7.149497233309684,17.398600189198774,10.740788914551779,18.38137679776523,17.946207135671003,2
6.628322677147891,2.7184753441856073,-4.4906781840561445,8.589686708601686,4.058687256184309,6.837866870783357,9.527921322276057,9.961998719116265,13.037807268556158,9.458054517720626,1
-2.2228186739437428,2.340315878845059,2.967862863257035,8.31864212907736,11.441234984478433,12.782735243159824,5.951327893686792,8.363112505021888,3.466247231116199,7.976519734015246,1
5.377058718487309,-1.8171576926769977,5.374231728666517,-0.2263272184936202,8.065719929734104,7.057434070810066,1.739472736377962,13.858957417828684,7.261633692807803,7.958990251942477,1
30.18990309174068,29.886811813348082,37.14435060418502,28.308100298953306,31.119502958481426,34.40976893803312,41.95061503004799,39.51907054416358,35.12781696595902,38.75876917846038,3
4.504710190126565,9.437666561880523,-2.794270295276565,6.051876946762284,2.197429723512692,3.8514984649412156,4.430424303044523,4.344036921280735,8.994086511779308,6.476199534355849,0
22.354211505143656,18.248297693854404,23.866499901618475,19.89698926543889,29.40328559369042,30.245483859492534,29.12802479528777,29.446644244988065,36.044752499469496,29.998745309552902,3
9.944649015623051,8.241088903743304,10.027508710400912,18.774528013875255,8.973972422882975,18.252820746991908,14.884148278672766,15.880959326016661,21.161487584206846,20.36020517827556,2
14.923498052618939,17.740057114834038,14.251523440697419,9.480742585991782,21.948244446797766,12.876116408752143,14.659448875314194,18.369351337958484,24.2166416828591,22.415903906208897,2
3.6866882561729404,-2.716207084868917,0.7019189348809054,5.757498244911672,-0.08851123556778157,8.651993720689553,5.83869840736746,6.3007167698016096,11.643839872813967,11.57705324594416,0
18.172429728050606,25.42222263608285,29.597923577295685,28.282442239916744,22.08159012077036,27.445669269092413,21.82743382496541,30.289561244702703,30.802413651450156,22.520734641871343,3
4.252423192704331,2.161813289664331,7.155241923550013,7.661469936052214,2.458245191821619,11.543928464700128,6.056146219543808,12.43223119312458,11.669149253605362,18.552734707180488,1
18.57398644713704,23.823616780682812,21.163638759124034,21.22159852334742,20.382549327068062,18.992684772993123,25.44030517376222,28.632213959680527,28.61350531994044,28.336132288210564,3
-0.30020678860657607,-7.4076846589423395,-3.2607642487942092,9.267497069778099,11.379870854005135,4.803855841774486,9.106227852223066,9.045000618174145,21.11552323382095,14.278299645738308,0
6.662595075686216,0.8968947980538575,3.0701128187516953,-1.898992744853827,2.622469101899269,6.243690358839464,2.1960256903107886,9.302792073382689,6.39744524032478,8.633225000826894,0
33.061177286497866,28.6628727598615,41.73638693352183,36.28202883341807,32.67740678978419,33.554459010445484,36.62822317354565,37.041992311913,43.46733510211982,40.74566467897618,3
-2.793658685393432,3.7676766860260225,-2.480932828082569,11.125835063417416,9.517760482885148,3.9232973915811806,-0.05253811636350997,13.215489496661652,8.34184061898953,14.751265247893848,0
25.73397466755971,17.287836530494477,29.66889644620455,30.09295448684903,27.942487988982986,33.12719563508424,20.373507169288906,25.90220745494939,26.05878615727219,32.88591729502937,3
25.445829784675155,25.59891558198516,28.130869231118083,34.637850027216516,31.428849938032464,38.05445785692439,37.13885499501025,30.125983146247783,41.61990233688676,43.24319458236684,3
11.659462001447642,12.853154120472425,12.174058674573864,15.232558058074025,3.881759689222788,13.813570163720806,16.965287739667126,12.395943665521973,19.54529327124624,18.182115116055513,2
4.574226889123447,-8.561554538657122,6.823603106119044,5.9789447788751,6.1251649742164105,5.645926187644457,12.696450879944052,12.990105848491432,7.108489328705564,12.82820914849814,1
-0.6438646632763196,6.437319213456992,-1.5242533103995892,6.263742427777054,7.172405031873535,4.561814242744039,8.104532088968472,2.795545694458788,12.496108076827605,9.060391454228045,0
4.3851369920147985,3.2256890792437516,2.4544564378937257,4.761560784296677,5.846548163178659,5.719955880471489,7.1648157493315905,15.594588682018866,12.443677791764955,10.018078727883358,1
0.8053914623685632,1.8029691827262848,2.9134597951304695,13.506991934243363,7.727741808926214,8.920166588764278,12.321133816127368,10.155156636106053,9.163831416717187,10.414600603660086,1
-0.4311129398120033,2.6766013106557556,3.797534734843021,10.109813119053898,4.418817870452192,6.916086103081357,9.231586038866158,8.546436492625434,7.0142655417978865,10.57635997159323,0
7.124670449565079,13.980021251509125,11.221210815533274,12.743247291566009,14.367009937793492,16.00896158570671,15.535083827512167,17.858852732682106,24.312472230248737,22.941798742460875,2
5.313444304666551,0.9952571346858663,0.9272044663107712,5.186502170356192,5.519261509900287,5.3870878026909,10.98554978982686,13.021220834282042,10.553627545167389,17.110120324221047,1
2.5184728765303435,2.6307507486524444,3.886315348781493,-1.3069943032812377,0.4757738383669505,10.012611413331616,6.64177938457338,10.526002789490498,8.913273504521845,9.919024557982981,0
4.353184316198532,7.490029349239209,2.7401890818284587,1.8431613306439745,2.020763223915866,-0.6654263575040071,16.424828519761288,4.787166537113268,9.314985505656912,10.092746800444317,1
24.65508648554234,15.817080853237067,29.359355912722734,26.296284883576007,30.598378580583173,20.63148900605954,21.536703378338245,27.40412276093081,31.011137707580776,37.185443291707855,3
-2.7580577185020934,-1.463241139861753,2.491593162343583,5.164607899266575,5.906763197320076,9.108732996144095,6.852007567511628,13.614136308629268,7.741372667048176,20.680676666358476,0
9.130059997940368,12.125200584770528,6.752204405763028,7.203377899777828,-1.0042309366109559,5.029304801063913,5.048864992367045,6.716609606995536,9.527424725660842,9.31163768921149,1
11.927464246873965,13.189059189511868,14.195535341269458,11.98017682578521,13.4981829599884,16.31151809663743,16.343572025173323,8.12279850900986,17.080801477699225,15.594374262958745,2
4.546775205901099,1.3003853735099022,7.685189189828977,-0.18391872098699408,6.705518318185647,14.955715996233138,4.198674701577701,6.489020117900594,12.255631398635659,11.918327127758392,1
27.02454930066059,33.68076617157997,29.574007050363203,34.39068150699334,29.94200637218014,28.827574189861693,35.46873124154813,37.505084214900656,37.409281225541584,35.26387776710976,3
-1.6068264489175876,9.209112738035753,2.746011101048264,-0.4308437158236014,8.090179648412757,0.9166254001159111,7.635454380019022,-0.0386804955191023,3.487255804406278,10.587444943476495,0
-2.718198377809667,5.186796892946087,2.338758172879787,4.776206582783457,16.77737338806814,1.1881186864193871,9.214958645978292,11.070772687061732,14.543145299757388,11.59193261388358,1
1.881827303119355,1.5990475622034521,1.8442078125343608,0.16974535183360845,2.492914677726669,8.821564903303024,8.803668750497524,3.889779020805796,9.197329221716904,12.805548493487157,0
-2.550393676118051,4.439282840908111,6.735107523728394,6.855196389805993,5.458849364489167,6.680717201066296,8.375245887916437,8.611991993486045,14.055516467179638,20.042092006365404,1
-4.321217594683578,5.2898293131205785,5.400804711834644,3.403296544882468,12.186547984190664,1.5196609346953898,0.6978993163010447,5.032367720475022,8.617655934578009,10.773357797290767,0
27.782891511243463,29.589154779092446,23.6267749129861,28.094122576741377,25.701147115735694,20.653098244496277,25.352706524145372,28.527711867087827,27.181809125026223,29.125386890259858,3
32.28832924306794,31.955631984205592,29.74794251095948,37.29311966271082,35.90304609244702,36.07045300773463,33.098535890887,43.214031727739034,41.65881098133244,37.78831665053079,3
18.30026392483779,20.387696043739876,30.966213208818935,20.671754780600573,22.799538868253844,25.4118983062766,30.362937928518196,28.831210029413253,23.82949861139095,27.87132574749124,3
28.54270742361482,29.16084403106586,36.91555823422712,28.51302748294598,41.435123422937494,39.31291876073849,41.36344668241479,36.14824195189897,38.40023712368356,34.267392741901155,3
3.3543698351094955,-4.84608024907584,2.5356808054107334,-1.0440647990498266,2.192655568791363,5.989594685265656,3.35834653886419,6.261777823080698,12.825171236857763,7.492432521907404,0
2.089940379797455,10.289006386678976,10.84503685819148,3.371614973654913,3.791151758552878,9.075097024300094,4.206458243246835,10.407167599277862,13.26432111353876,16.10773289553723,1
-2.361897821781248,3.6858734285439825,10.328097985900136,9.18168018461991,11.172746506557589,3.755137294275259,2.8415807189656763,7.296852319601407,9.022899649154779,14.176766073883794,0
0.8980406970357708,3.7919931649817986,8.604574431180168,7.637083304340828,13.412729830046226,2.730609748447802,10.289282546882713,8.533368022953407,17.55921173287069,6.566806858579394,0
28.90135037173279,33.974619390572606,38.184252247125585,29.571372732790195,33.53797625205894,35.39480311906991,31.416843191230058,40.365396967033604,36.104038673029564,39.21843859529191,3
10.058634266694035,-5.669060770366992,5.545040761498053,-2.650863484758607,2.912272536842266,10.155802387869464,7.0571200763818505,3.4890208882827753,5.938785162960127,12.518390995738704,0
3.4353320503958553,10.008859778540952,5.163012717954273,15.606732456721579,8.462038582526176,0.1569489633767292,11.21336648441813,10.72463353953111,15.359011016330982,13.892725405079833,1
11.30697905840928,12.201897438443314,14.488828576173608,8.444667528876924,18.156447149681075,14.696942853858161,18.68192246896485,12.712571067839377,11.784964935935744,22.271558632100113,2
20.690226157096024,17.21882494560302,28.80371019311685,31.228786574551542,18.269365223509258,21.903885636454483,25.880758630491975,24.141848820359236,31.02386221382346,27.08691119037355,3
24.387083100865976,13.491090318594019,22.603622799034923,21.588717376864153,26.72905180253662,27.88017674947281,24.169496420711894,25.151304543295826,28.55733852577068,26.413431090739167,3
12.282451988878124,14.872738642131445,10.674766467266709,10.551053061968998,9.659397893768809,11.69835788008418,27.796377701234903,21.978718322947145,12.595702535167915,13.71016817302572,2
14.291912191064046,20.455489978477445,8.856055869460072,7.4758215873849005,15.215274382419503,17.886250020504573,15.076534504620923,22.813042653284135,12.645576801107005,21.771674492126444,2
-5.877621124485487,3.9734407695197396,0.14950496421661325,6.082394674372638,1.7469633738299326,-1.4195284026580761,0.28983024846734934,7.992339786645528,9.838890006885928,6.1827334995823655,0
4.081928724789456,3.8290961244291912,7.066698758356615,8.477182361782692,10.32863596415011,8.394839550358572,6.131527678732582,8.386854745733292,13.626035866033428,6.532257316051056,0
-1.290892082076158,5.996036903347557,-0.017374762171037006,-1.8338451854542386,-1.4265166940956149,8.22403980538256,1.6782825900148677,14.81917672793746,0.4722823684651118,16.585825473160153,0
-0.07072481290888116,6.19510740794876,6.101665395952119,7.054038544002554,10.021915228617317,5.884015366531036,9.527811885179856,6.558932973626176,10.096665409953768,9.279427782529263,0
14.692014071236011,18.78870222419663,22.70410854562249,23.69733758269668,32.89016870715923,20.456048230404008,29.022356967343498,33.95645243331316,38.085798981691184,28.382410307264156,3
11.488421890427452,12.556636782671715,11.78751738792982,17.89427552967451,18.385876935243534,12.497290850015151,10.723011221604931,16.18807745041737,14.799845742409413,18.74590170153858,2
9.04299169952795,8.821363369772818,1.8041434060837063,7.686283803817422,7.38150379834059,11.274526230129396,2.940306157679582,10.544205839993758,13.033697947398352,2.7650420543075427,0
1.6627650341178086,6.443233092639129,7.373954882208852,-1.7941278929527231,11.41736097151261,0.5500320478573026,12.330184817366629,13.706820547310333,5.836134279139207,9.55674284818166,1
2.7341636191291294,2.5901206544778246,7.032434706754362,9.026809267178336,3.056042157968202,1.8750681857688878,0.8551785075868137,11.231965307650174,5.786533575304506,2.5884376281900687,1
9.489803518489863,17.044619720989388,6.1952972397937645,12.951644208615782,8.990426222347523,16.45452753049987,19.5475495603892,15.316952825275788,7.583144573491463,19.79579258718598,2
6.565093156264462,-3.9434486047177577,7.452655008619838,3.840932244078348,0.8739653958081963,7.648413897053083,7.59623878229388,5.3991324913648215,9.079208339960076,8.25874561255296,0
4.291341952141999,0.9051999842456839,4.1025816309560685,13.769081434447454,13.110172680402844,8.945294678696127,8.3520139126728,9.680125306873045,12.654071890921665,7.108829739206378,1
35.00729941472775,30.00971664645917,29.871986029955853,30.961187530078853,27.915725787647634,37.88616952167283,29.6754204866466,33.08622467493695,30.697647963685867,39.65572122883643,3
1.63353123179021,-6.366939473697163,1.8112904699176122,1.0720630080088058,0.793519960420338,4.67559882845618,13.990746107398092,10.36337144506804,6.515284040868813,12.090331125424635,0
-1.2170661222939694,28.322781845089377,14.665027752620661,9.222890710440996,33.02544912103188,17.591563500289777,36.88863595004755,20.203298761202245,31.518139511015693,51.76861235869123,0
13.728083098451382,25.038849181936673,22.62216514223199,25.678439888096474,21.544468157640935,31.117859726631004,31.166898656235404,30.33417721204755,28.481931012546237,32.31942914118053,3
25.508562194075743,33.405919601408804,25.087099002500757,34.18773960824148,42.59106806698391,32.20842913092405,33.662707818033674,41.056119126291435,32.828793939161415,37.46897988045984,3
1.1463591498915997,1.1772910584316822,7.471128246639229,4.8176833732048525,6.1504106483008085,4.152492135510131,4.849575103710026,6.069767248721516,10.377808569513189,8.116062076718949,0
4.987817618042943,1.8647220409759602,8.892498550346565,6.678568768792376,5.770791423983085,8.99086770324111,1.9164953917260028,4.692930124360779,5.4242999744037785,11.771772379054827,1
31.931146971760654,28.972944091936295,24.240313180085785,38.77836888205492,38.83354327936817,36.20664390740432,37.91629875282281,42.29727205086225,39.89735862711233,43.616070219045255,3
19.065754064613852,19.551332331380717,24.964830661647984,22.567882481012056,24.442411197347063,28.958612606898686,19.36257564997083,33.27320929941068,29.290722097317364,28.35402742175128,3
34.98232605600812,38.81269043967215,26.447883770255935,26.854498138581253,32.51186077778247,38.33095033269546,38.98749436203039,42.2790858199354,34.20120988653877,30.73542454812449,3
11.505638104390066,7.391793782569959,8.521347674901222,17.50173913765908,9.242352428530689,21.570691813023853,12.397517061408525,19.553567702433533,16.68552609700406,21.412749724329373,2
2.1539856299776563,0.1388483443967949,5.33112746442514,12.882771431217584,5.52746502023398,6.7928823452013445,4.962556401839024,4.400622522140833,12.121343266176982,6.375664696364531,0
12.518118336887243,7.782736961360031,15.581421723050399,10.473689083338675,15.012660952151926,18.281376050449825,15.865549741185148,18.818963648564537,15.934281424449713,18.214133666287612,2
8.56663939191511,8.409832777459364,14.976767885999747,12.275103307127589,11.402507846714297,20.28521612909205,21.678412018054548,14.59830573704518,10.533840194557534,23.03005475934769,2
-1.2691538004014886,7.437389760742319,11.995592494477002,2.3486457582413633,3.017989914396913,11.613537908470803,13.118288582922851,5.708559891386927,7.11925273161657,8.672861564557971,0
1.254069381004992,4.4485226980841865,9.144067264581409,-1.1512619953073961,13.332133498625067,-2.0083511980900077,6.192859619857667,10.153268825938307,9.92396747094013,7.309201920717625,0
12.380117863342258,8.770307787566715,10.348008711426264,9.293206764610757,13.874243318500895,11.606285463236741,18.2925112529648,9.856534032263555,16.56148131019015,20.20442935676697,2
1.1883101973921615,5.674579962131557,-0.008212375509409509,2.4893514136089268,3.2315673874713693,-0.054059792528474315,7.984481108258303,8.844221088719557,8.820453826569844,8.861651466499413,0
9.296582382271716,17.645880662912074,12.083545953183847,13.922803622874733,8.95934093930968,12.534554367842091,14.499214478704252,15.729139612975064,23.126575180015074,21.2307642429005,2
-2.36675645653402,2.425362162881128,1.3327107175887802,-2.2661464682922396,5.8692772566292035,6.713009966466866,14.253798972968523,11.72324673821911,6.10325270268318,18.61637026533675,1
9.804762743012029,2.957356744741517,1.3663729323581488,-0.8548575704513086,-1.0125587050237803,0.8634562279780409,9.268506604045934,11.234900092919734,3.8752371918714665,14.78015325630446,1
4.138931269177899,-0.18542661996349413,1.625800670730152,9.319843270324643,4.860898671573836,5.585406147032013,4.379509682602588,10.894396262373844,18.45009967697258,6.929868342982909,1
3.6310077418219016,-0.44986710357707055,5.329630956222084,7.690217798506919,7.2872398488687855,-0.4808988795618257,3.8914512967005255,6.809925457793981,8.502266283599816,12.282688390202713,0
18.922414512695493,20.63636849061568,24.71326676950095,24.30862598487087,22.62475436772518,25.33747435872947,27.3143081188766,19.485063622340753,30.832672459154793,26.081115101132774,3
5.2867948425933795,-8.194170482520303,8.795062801488413,-1.7588551151123986,4.750236234387471,2.7213204214954247,3.021274097116377,13.843307149514077,8.329195194752433,12.586015526922862,1
26.521815486467325,30.425880576121084,33.714778867241904,38.916859137188204,37.41237873979534,32.597858885011824,46.940759666715564,39.05910124391192,44.10156295199606,39.39314226569108,3
32.20680003560694,32.70214491831439,25.624825666077015,30.438728607920513,34.74368894340513,38.14516363806876,28.215488715600216,37.35150409808057,39.57219507951581,43.39844795406485,3
-1.686626938165144,-2.318472659155722,1.6931311016401394,8.649573889531034,10.012500181504347,9.252341680389172,11.100383147391987,11.264713148459833,7.634073619108191,12.927690178695762,1
29.41121873541605,27.590921038176578,34.39024645521421,34.34679079765758,36.42267579425292,36.76630958477636,39.024963957223704,43.78922279756723,41.27241282051458,35.80137800436024,3
19.791277652069514,11.587451648690806,21.55475775213084,23.74326335484472,20.957607120284347,23.93912642476703,33.120780795453406,30.659708649206962,25.3017435424876,23.609603321618273,3
-5.969858518859278,7.9182012778424555,2.167968405684042,2.0924757202103197,0.75158249895933,-0.8194266874630773,10.092682335847659,8.093271868753616,3.6401564010357843,4.619684911745535,0
-0.07868755135004774,3.2284502860469857,8.711576178966066,1.7269191269054105,1.5660255884272496,3.7929718256618536,10.461608470808297,9.115004438638739,6.680959184931845,11.853069732453426,0
-6.875084861196166,1.6939444982031324,3.0409208397641057,13.652968449941145,4.03055614087551,7.006189369334449,6.661152921179027,3.1252878495218717,13.371291258060083,12.807732130747098,0
8.658900531665559,1.9410542078869144,0.0010979680296576144,4.655919642936888,4.35068780123668,4.916121601867108,9.2566668001737,10.83003084018922,6.67799540955789,7.496727037421279,0
-1.494648027520945,-0.38743576496156856,2.6689869191360063,1.6263009154649402,1.9486168692913426,6.2257209107675875,5.7800911303165785,13.815971954330756,-1.803879233572048,14.166027407689848,0
-0.5431387971605128,8.476086101157573,1.761634594545581,-2.212571812472425,3.8170277436562223,4.709105721009318,-3.987546571766287,7.582820533928751,7.8762618791652885,12.584825459253674,0
3.5697605425241035,7.9491008857351435,8.923430600850807,9.240387595564542,17.317899367726994,14.224695444908786,14.941940634757557,8.984550542372986,20.541672120836907,14.04296642058611,2
3.943200634603328,3.501830247139859,-1.067904572516852,3.6091545754320804,4.785589843637726,1.166541243229829,12.813593207068603,11.309449162302686,7.916143304681344,9.907543355978124,0
2.0998921650194244,6.471065196801148,9.760830196069254,7.431241225407449,6.241410479373522,1.9526550705993617,3.93954534769851,7.97910118258133,7.761951191362868,10.452114788058216,1
12.606087965358023,6.449257318300734,11.194033864209928,12.973914739082169,16.395177558247642,17.673361954872323,13.063304804886016,17.327982225654242,19.829121618460963,24.823289288587066,2
22.866181245800508,27.384903024810992,25.089002544071114,23.608339014228385,34.089738881787525,29.55614848911957,29.294977684017653,22.894782333846656,23.84676953014585,31.170861928567412,3
10.659043364946067,11.203550807424072,12.693366657481633,13.975812791634,13.10719098146078,20.95945375440833,9.596384086093938,13.686011900879016,17.58698095940381,12.427244755383331,2
1.1704938503066196,-3.4743362955103576,5.796892490421118,7.788783758810964,4.267254150802504,13.49594705316013,3.296937347990635,3.3425004791607194,11.097807274239887,15.388393210448617,1
9.767141530112328,8.417356988288155,21.276885381006924,35.030298564080255,22.45846625276664,27.458630430508194,50.59212815507391,47.474347291529085,40.105256140650475,55.22560043585965,0
10.002111835426389,13.404826995716459,6.224580735465833,3.8152761874510475,11.797852602033666,10.117150296343365,13.967439209410756,16.408878724730116,16.187006363907948,24.80987013788298,2
8.323003329374789,8.075047406789267,3.3462285162791683,11.162904547399808,6.794669828808447,5.851656115527843,5.746389345836241,7.990121254047486,8.647292725835085,11.88166488950195,1
36.45025141084981,38.56245825395315,45.60822693804834,29.50602386704161,35.9715280526011,27.67160518724405,39.21259662551684,35.80719880733291,46.693783179299814,36.90154011992567,3
3.4854288618010925,4.887683016941139,10.654845076234587,7.01413720605592,5.223373458837405,11.056348673153428,12.95788195569856,4.28956873945203,12.58960027939943,14.004690969243592,1
1.7098397384165176,7.028571017129712,-3.6299329382449104,4.538535434129217,5.839531176993694,8.927291487109242,1.8521971564876722,2.5181735476628946,10.887766262467592,10.987938692932746,0
-1.4207981067727935,9.324628277762361,-2.992055601664976,-4.995223826480328,6.56005780021333,3.791783102589555,2.715068731477147,10.633425789197414,9.775202855084796,7.543685477053086,0
0.26775579326624205,3.7871720479421978,10.648882513021697,8.787357263462127,5.125877408376671,3.6352310983388505,-0.4072616053172197,6.32338672303032,9.355479044689222,7.251281891395265,1
19.691930729560916,21.146172882598247,24.984796749453267,21.858733149729364,27.045998301447447,33.74061616024092,30.26200408977705,27.80764597067691,28.267398115786822,28.573307463280514,3
5.089525431311086,1.708667391632932,11.10785540493362,3.601455257541591,7.098738903007544,10.930363327492358,2.5265370682678734,2.1567647520768967,4.097374741719621,16.250336413708727,1
2.763544987644816,-3.8737574622514064,5.492670856739126,4.609589654805325,4.335853992527031,0.8211877309328182,10.254400426278865,7.069196641352355,5.520332657158848,-0.2890488531265973,1
-7.797622859494292,12.363770290362966,-1.3582898670543841,-1.3815949878275673,10.290281728038561,16.95900962535709,13.737091274042072,11.455636480209439,12.579017366661143,14.61366223512123,1
2.336261795757229,1.6692210076236276,-5.469768400159507,3.443519841948846,-0.4178780020194129,8.478690195320155,8.266392984387394,4.040480854690579,6.744532330653226,5.5631459124441935,0
13.228490386549241,7.105815201182125,13.905431077424877,15.021880636666507,18.24083962999552,26.03864015564431,17.569663868715068,14.964145497170005,17.89770275123202,11.923696380443527,2
25.43911229938615,32.63104575717508,28.610526724115733,28.092300289872394,32.04251437016386,40.767597337654294,40.80006331467858,38.9720188882176,32.86919776044028,39.21487739444825,3
25.33893123230325,32.87413616964378,37.037887154383874,30.620234245626015,29.003936158166397,35.63262094266018,36.65025868489128,40.19327851021799,42.79837828545795,39.762339274910026,3
0.6834890360500516,2.385678559590553,1.873276344205425,1.1409730772285325,3.6028898197359718,2.304238932950974,8.336333873036903,6.120107075765433,11.135143647162991,4.976417415185491,1
14.239745536186486,13.46802379830679,14.73427729280191,7.536177155197863,18.847775941545603,16.045002124935426,14.522891443015187,17.573553869369004,10.89505906840672,20.634611245922684,2
-1.7655693978252287,-5.413560454414859,1.6441530092419911,-0.0923591736299933,12.768060640545475,11.239268357370536,5.447398619289105,18.209743221377234,14.127061947966377,9.90067446596551,1
20.047558254751785,22.184010989013096,19.381542500024935,28.69102738106978,27.661667294767113,33.764869745854995,23.486707691281044,26.48796840392713,29.92578369010229,32.58595815090308,3
3.5235209288578284,6.534115846435699,-3.7749425702858215,6.696226279390289,11.110675969893169,2.3614359252351784,14.890289547350813,10.87607603746418,7.379952576966365,10.976923689369174,1
39.499085612067844,37.325356247953614,40.681470008577044,29.108419921777745,35.28501499964357,30.825969499183618,34.21722049121174,34.327492066333704,43.95833602576624,38.41508128759296,3
7.469576262537303,3.990398418769599,12.501043490501061,2.4432487276417287,13.143855212660997,7.991643133850592,5.594327985542207,7.264456663782714,8.918610767222718,12.896663785607664,1
31.13610964428893,32.44549040736021,32.283626859935374,35.583279124383694,37.77142302327125,38.93855018183732,33.05678476532869,36.86337960828481,43.779051447507754,43.57858875029549,3
11.05608032533468,16.08941400042707,14.929968411119209,14.154894651300093,7.380450255086815,11.159814818882145,15.509164265617104,17.373489497106604,13.479185101304305,28.646706702313686,2
-2.5159800436882893,-0.4407241607878783,5.789174420493047,6.241481061733859,4.716393624143407,6.269309533235128,11.9106595831537,5.4337144446566805,10.988389524680152,8.991229390264424,0
10.700845675634048,22.94103601041364,13.469926661897217,11.745881255310408,17.68720600790901,16.930751548836852,17.680377961807366,19.427402372862684,26.226174259318164,14.476446258696338,2
-2.0885560479424274,-8.48540193397843,5.946239216630672,8.81573936434478,-3.2517297421673534,3.16107718116025,10.67661704402079,17.429981878846792,10.28317483070163,8.28798823508346,1
3.3026693910600247,-1.6286302256651302,-1.4835699922444492,5.7298896609727406,3.9061488586965964,8.656001976368369,8.69295049829418,7.508684349372508,5.4128251277263795,3.7406111012565413,0
19.45648768921554,7.542236995134643,15.47528204687924,5.552518137865433,19.356172754748176,30.90922589709866,23.290064225776973,43.556980183456716,38.793613100811946,46.88306250206723,0
1.674972131630781,3.507407531835073,3.300576072767686,2.599989676706161,6.874618687866911,8.967762598277636,3.838403690228616,14.843729518985079,9.805647470862953,11.27539849177939,1
7.797421746344009,6.8985347316510754,4.438521479680697,2.6122528891777046,8.992893254454358,8.773941541686998,11.780772880110929,11.740687206727877,14.39821086127734,9.059059153757728,1
-2.370082953730803,1.341054234132404,4.819949115921829,7.263020776680485,-0.0011856282231049176,4.461995056636206,4.900218755356176,5.186683069705152,15.861816961124386,11.419926843843824,0
38.42201325917705,32.896938978141165,31.6142939759724,27.553730563588687,33.94936191873533,34.65445221835545,40.84121918512588,39.849934496267416,34.28252351346953,40.68901754564415,3
33.38576455032701,29.462856609242387,32.056120051156114,36.97674284126014,36.68618433414625,37.06727358518161,35.64351088291985,39.48024446107582,38.505069279600974,41.83122243970314,3
7.576556716964427,17.877511624829186,19.97006141267247,9.933373648866608,11.80177145636568,18.438351547919208,14.451477400841942,16.818355128271048,18.10155368216964,11.321307375209376,2
10.152951979840113,5.2056343414658235,10.801293407972851,12.799181531833021,24.483172364119902,10.552131896903346,21.85670895500975,20.987435093863233,19.122545617960547,26.034481936780534,2
21.740702147319656,23.701779456736688,23.889159423203417,29.115463253253573,21.190734477044813,23.292019446165874,23.909362218916705,31.32076724745044,32.60159435358025,31.804901277274034,3
7.450769011884821,12.833546814205937,3.651891925591725,10.661529077371203,13.875764268516392,11.361266332072665,12.253974500841617,14.328881774124454,19.168770913305494,18.250683926374503,2
6.726285336231994,17.129470898712462,13.999456494961485,7.402775300792234,15.470597171965686,6.599893969393504,18.502032067324144,20.540925931955965,15.630576177391786,19.49419078382233,2
13.368769768490436,18.558459956881993,21.345577866313423,31.550750629360763,27.226212498135034,20.658073723600435,28.944145157670548,21.81078404424654,33.33076421554829,28.115501392728486,3
25.25636190452589,26.73673673428997,34.12403700112723,25.469617495380653,39.050549638576285,35.36738462251072,49.97237187837894,47.23166500246444,38.27420372300993,39.57465198987474,3
26.674125380592145,12.048765373859682,28.10786154435275,25.352093924406834,20.171913408571136,21.69875042780305,33.70557210883281,24.217972480229076,24.38659795761616,34.549258169458916,3
19.328361816936436,13.896768507554492,18.716590325262246,31.645676348558894,19.878177715990134,26.757919284884323,31.029775892780794,22.98030932799083,29.738841899124335,33.75166215004262,3
23.412990002285575,23.1926338639621,25.55464067457241,28.2324733003486,26.470479360838844,26.592357679193103,23.47572665335483,25.151116945403796,33.746938480709325,35.745341622823915,3
5.094526999439088,-2.306061197644241,3.331878696587504,0.9995167402433072,9.58018651569937,-0.2927476191350989,4.564312610913647,9.308847500258084,15.062096116937362,9.53699895570805,0
-1.9876439307277585,5.346611010109145,8.942816618651987,8.075813242660267,10.184190743223265,4.172819645722157,2.512757333032625,15.205334607821946,8.909280644631457,10.19666793417981,1
2.6152485510476247,7.28195655923036,6.013882979639684,10.399904262372408,13.666248120838556,9.20141912120588,12.312560747498747,12.984170511674005,18.829069317595774,19.277377348145002,2
-0.30225080603811766,4.783214133749636,6.176120745130955,6.242695063295629,3.9987793846183197,4.513506528247794,8.097783716034218,13.890916077037458,12.374400618377729,9.717542671655576,1
10.30382107166435,13.970729673438889,13.928995810722629,8.049350310690809,17.47662425755709,18.54916334906697,12.946855583285673,17.15175134179041,20.733315971244277,18.162744721682554,2
7.113049786650986,11.707283488557591,9.813279661650938,11.913379558695787,20.693808361194147,20.36184420716139,10.80167505228961,20.3189296715167,21.24558621796637,14.406946844989527,2
7.82354399154323,10.348828375710823,12.163676701582885,8.991250176874109,16.963297381680505,12.94714573411366,15.085600338639926,13.02260250156595,7.750665364818758,18.235888949599325,2
6.05940653238983,9.662331294192926,-0.7373954875196882,2.830142963388423,6.094376972164292,8.320644635278427,4.961585920313415,10.896244177856358,8.304642611716336,11.142190916486882,1
2.653081642151058,-2.5531119132694666,7.876915738300814,2.5274236578440243,13.69319110487018,11.520192262858593,6.410712417364995,14.324065446940452,10.471422042109612,14.611094700488877,1
17.553187718974968,22.120125916656328,14.390465821563279,27.505822582011742,18.754027110232563,32.013679313716,25.679519624134198,27.153332072275294,26.48906437566198,28.847844504311695,3
22.9657178108808,24.27904142879459,23.781926926213163,23.604619195042776,26.743901558000182,15.871015659121259,29.728277960250526,28.504711614647867,28.11010041288694,38.187448782878235,3
-0.007432583569786988,13.432797142673008,1.9430096053704455,5.938205212788148,12.368439810271502,15.224371552636491,16.44601430654559,14.03346492237257,14.29625010324585,13.57010779680473,1
15.513305211078137,19.162235990289815,21.84580521649718,20.864985915502288,31.939746303347235,22.57291162469283,24.777812882052533,28.81755612641191,24.191401895695645,28.417277152974943,3
13.861589938364682,15.94452288722487,12.35463036384575,13.789262829622382,11.5293924182626,13.7357085758918,18.463084599084567,21.815537748675265,17.442214897276003,17.199242940594353,2
-0.029967140031334327,-2.279211918316311,3.8468718065949807,15.518837350617273,2.985301728121077,13.75646722177627,14.910803256305762,6.985647033168022,12.475932316741101,17.71358649251415,1
5.784340769990516,-6.493560929632598,1.429249623678605,2.3142365360168338,-0.8300467788712849,2.6887332496364986,2.3576966181366847,14.80908177369449,12.542713572589845,14.886220379976635,0
7.261480696959984,14.162502396651075,4.119584729152658,16.570389353197235,9.155312282876874,17.923056476266098,16.057092271345738,13.184242322413422,16.37185474829288,21.745273827826804,2
33.01097922996326,22.02691671867969,29.137340785907167,40.51666545960378,32.672871866431784,31.30448014236411,36.20824908406127,46.27162535265421,31.673271011175895,35.79476035344262,3
16.998335616821684,16.525816314761947,6.830949219577525,15.758831220980777,11.988100917794627,16.053948861324237,17.176896516053976,16.062368798734713,14.864937337654414,16.237835790734962,2
9.239843859994021,9.57021830875829,11.27843327295037,18.49139389870612,5.152552354681973,21.133734805185302,10.30417139019942,15.93339068306234,16.28302231880535,21.35421307908288,2
6.144964295157557,7.171396340419829,13.375151526199542,12.805390593718196,14.131187981646345,11.966018661199723,15.07839714317693,13.303067422926782,21.560793644499146,23.140997338895012,2
13.403591848671889,10.450512846402413,13.561859399715559,12.587112988270015,15.061449397598514,12.668965369553671,6.244731366894284,16.462883351254785,23.690992544399762,22.704861608966368,2
1.9590994275856517,10.101603194581756,6.28449881372677,2.4959058713286355,9.60485568865578,4.167698507913794,-1.3524981407114154,3.7676547563303835,1.3168323158965773,8.393946063834766,0
33.77143033694975,34.33028527523522,29.800237973192264,26.367991451506768,33.427788971754396,40.00652730083424,42.573818110097726,40.84219640919114,40.71736329120694,41.518558593543865,3
1.0327549243378236,-3.052763234786628,7.732439108588636,4.888651211948792,5.478080345637498,19.97243027137944,9.395011633462744,6.192835799619263,8.494569615177825,15.793782836787019,1
1.3061360705125915,1.80273281552721,4.122321576449069,3.987280868662898,9.399767607768199,0.7347575662536483,3.985270323414584,4.928788313683228,14.001230367894301,18.0424534903277,1
2.9195766046139138,8.768009145378397,7.873266424009253,-1.082002414492708,2.24148745371865,10.963084751952863,4.270050425846762,8.301467400011902,12.400208396098208,7.326622180545459,1
3.7543144181238564,13.171998069731162,4.175716353840427,8.553963097806566,6.52731743419026,6.804441387235429,11.876305931951073,8.038901823245395,11.26956925628761,12.486791224784053,1
14.207790470891673,7.007757490742348,10.464114912190594,14.000800825006777,21.98266995913586,27.439674224021445,18.42689223654473,16.26721352511845,20.1380225939222,22.550621703495345,2
14.823978066187264,14.109629411058044,13.866683927864324,19.08402490863752,10.204333916700651,21.98945279166223,19.72876625704154,16.053778851124214,22.542480588731777,14.574825950353464,2
20.643063383114203,21.849717420082076,16.075194786220298,29.979752909812944,25.165302529082474,27.772008521789502,30.80619908229617,23.9153501697588,30.893887596140914,28.929435636404826,3
-2.480452104237438,-4.007921750320079,6.365850912819153,8.236620641210587,3.8939583970931224,-3.1641691685796394,6.015022206990069,10.767216021610185,4.284353724903485,11.933439679116622,1
